{"t": -5.41639182428115, "p": 0.00281524450180832, "razy 2 bo to było 1-tailed": null}